0,0
0.02,0.618
0.04,-0.887
0.06,1.045
0.08,-0.464
0.1,0.16
0.12,0.773
0.14,-0.731
0.16,1.205
0.18,-0.314
0.2,0.323
0.22,0.922
0.24,-0.571
0.26,1.357
0.28,-0.158
0.3,0.476
0.32,1.077
0.34,-0.423
0.36,1.517
0.38,-0.017
0.4,0.638
0.42,1.216
0.44,-0.265
0.46,1.657
0.48,0.135
0.5,0.779
0.52,1.367
0.54,-0.129
0.56,1.812
0.58,0.263
0.6,0.936
0.62,1.492
0.64,0.023
0.66,1.938
0.68,0.409
0.7,1.061
0.72,1.636
0.74,0.142
0.76,2.085
0.78,0.52
0.8,1.209
0.82,1.742
0.84,0.285
0.86,2.192
0.88,0.655
0.9,1.315
0.92,1.875
0.94,0.384
0.96,2.327
0.98,0.745
1,1.45
1.02,1.96
1.04,0.513
1.06,2.412
1.08,0.867
1.1,1.533
1.12,2.079
1.14,0.589
1.16,2.532
1.18,0.933
1.2,1.653
1.22,2.14
1.24,0.702
1.26,2.592
1.28,1.038
1.3,1.711
1.32,2.241
1.34,0.753
1.36,2.694
1.38,1.078
1.4,1.813
1.42,2.276
1.44,0.848
1.46,2.728
1.48,1.165
1.5,1.844
1.52,2.358
1.54,0.871
1.56,2.811
1.58,1.178
1.6,1.926
1.62,2.365
1.64,0.947
1.66,2.817
1.68,1.245
1.7,1.929
1.72,2.427
1.74,0.942
1.76,2.88
1.78,1.229
1.8,1.991
1.82,2.405
1.84,0.997
1.86,2.856
1.88,1.275
1.9,1.965
1.92,2.447
1.94,0.963
1.96,2.899
1.98,1.23
2,2.007
2.02,2.396
2.04,0.997
2.06,2.847
2.08,1.256
2.1,1.952
2.12,2.417
2.14,0.935
2.16,2.869
2.18,1.183
2.2,1.973
2.22,2.338
2.24,0.949
2.26,2.788
2.28,1.189
2.3,1.891
2.32,2.34
2.34,0.859
2.36,2.791
2.38,1.089
2.4,1.894
2.42,2.234
2.44,0.856
2.46,2.685
2.48,1.077
2.5,1.785
2.52,2.219
2.54,0.74
2.56,2.67
2.58,0.951
2.6,1.771
2.62,2.088
2.64,0.72
2.66,2.539
2.68,0.924
2.7,1.638
2.72,2.056
2.74,0.58
2.76,2.509
2.78,0.775
2.8,1.609
2.82,1.903
2.84,0.547
2.86,2.356
2.88,0.734
2.9,1.456
2.92,1.859
2.94,0.387
2.96,2.315
2.98,0.566
3,1.416
3.02,1.687
3.04,0.342
3.06,2.143
3.08,0.515
3.1,1.244
3.12,1.633
3.14,0.165
3.16,2.093
3.18,0.33
3.2,1.196
3.22,1.445
3.24,0.114
3.26,1.906
3.28,0.272
3.3,1.01
3.32,1.386
3.34,-0.077
3.36,1.851
3.38,0.074
3.4,0.958
3.42,1.185
3.44,-0.132
3.46,1.653
3.48,0.014
3.5,0.761
3.52,1.124
3.54,-0.333
3.56,1.596
3.58,-0.193
3.6,0.708
3.62,0.915
3.64,-0.388
3.66,1.39
3.68,-0.252
3.7,0.505
3.72,0.856
3.74,-0.594
3.76,1.337
3.78,-0.464
3.8,0.455
3.82,0.642
3.84,-0.645
3.86,1.127
3.88,-0.518
3.9,0.249
3.92,0.589
3.94,-0.853
3.96,1.08
3.98,-0.732
4,0.207
4.02,0.375
4.04,-0.896
4.06,0.87
4.08,-0.777
4.1,0.001
4.12,0.331
4.14,-1.103
4.16,0.833
4.18,-0.988
4.2,-0.03
4.22,0.12
4.24,-1.134
4.26,0.627
4.28,-1.021
4.3,-0.231
4.32,0.089
4.34,-1.336
4.36,0.603
4.38,-1.227
4.4,-0.249
4.42,-0.117
4.44,-1.352
4.46,0.404
4.48,-1.245
4.5,-0.443
4.52,-0.132
4.54,-1.547
4.56,0.396
4.58,-1.442
4.6,-0.443
4.62,-0.328
4.64,-1.545
4.66,0.206
4.68,-1.442
4.7,-0.627
4.72,-0.325
4.74,-1.729
4.76,0.217
4.78,-1.629
4.8,-0.609
4.82,-0.51
4.84,-1.709
4.86,0.039
4.88,-1.609
4.9,-0.781
4.92,-0.487
4.94,-1.88
4.96,0.07
4.98,-1.783
5,-0.741
5.02,-0.659
5.04,-1.838
5.06,-0.095
5.08,-1.741
5.1,-0.9
5.12,-0.615
5.14,-1.996
5.16,-0.041
5.18,-1.901
5.2,-0.838
5.22,-0.773
5.24,-1.932
5.26,-0.192
5.28,-1.837
5.3,-0.983
5.32,-0.706
5.34,-2.076
5.36,-0.116
5.38,-1.983
5.4,-0.899
5.42,-0.849
5.44,-1.989
5.46,-0.253
5.48,-1.897
5.5,-1.029
5.52,-0.76
5.54,-2.118
5.56,-0.155
5.58,-2.028
5.6,-0.922
5.62,-0.889
5.64,-2.009
5.66,-0.277
5.68,-1.919
5.7,-1.038
5.72,-0.778
5.74,-2.124
5.76,-0.157
5.78,-2.037
5.8,-0.91
5.82,-0.893
5.84,-1.994
5.86,-0.266
5.88,-1.907
5.9,-1.013
5.92,-0.761
5.94,-2.096
5.96,-0.125
5.98,-2.012
6,-0.864
6.02,-0.865
6.04,-1.945
6.06,-0.223
6.08,-1.862
6.1,-0.956
6.12,-0.713
6.14,-2.036
6.16,-0.063
6.18,-1.956
6.2,-0.789
6.22,-0.806
6.24,-1.868
6.26,-0.15
6.28,-1.789
6.3,-0.871
6.32,-0.637
6.34,-1.95
6.36,0.026
6.38,-1.874
6.4,-0.687
6.42,-0.722
6.44,-1.765
6.46,-0.054
6.48,-1.692
6.5,-0.762
6.52,-0.538
6.54,-1.84
6.56,0.137
6.58,-1.771
6.6,-0.565
6.62,-0.618
6.64,-1.643
6.66,0.062
6.68,-1.576
6.7,-0.635
6.72,-0.422
6.74,-1.714
6.76,0.264
6.78,-1.652
6.8,-0.427
6.82,-0.499
6.84,-1.506
6.86,0.192
6.88,-1.447
6.9,-0.496
6.92,-0.293
6.94,-1.576
6.96,0.403
6.98,-1.522
7,-0.28
7.02,-0.37
7.04,-1.36
7.06,0.329
7.08,-1.31
7.1,-0.349
7.12,-0.159
7.14,-1.432
7.16,0.546
7.18,-1.388
7.2,-0.128
7.22,-0.238
7.24,-1.212
7.26,0.469
7.28,-1.172
7.3,-0.202
7.32,-0.023
7.34,-1.288
7.36,0.689
7.38,-1.254
7.4,0.022
7.42,-0.109
7.44,-1.066
7.46,0.606
7.48,-1.037
7.5,-0.059
7.52,0.107
7.54,-1.15
7.56,0.825
7.58,-1.127
7.6,0.165
7.62,0.013
7.64,-0.928
7.66,0.734
7.68,-0.911
7.7,0.075
7.72,0.227
7.74,-1.021
7.76,0.951
7.78,-1.011
7.8,0.296
7.82,0.123
7.84,-0.803
7.86,0.849
7.88,-0.798
7.9,0.195
7.92,0.334
7.94,-0.907
7.96,1.062
7.98,-0.91
8,0.412
8.02,0.217
8.04,-0.693
8.06,0.947
8.08,-0.702
8.1,0.298
8.12,0.423
8.14,-0.811
8.16,1.155
8.18,-0.828
8.2,0.508
8.22,0.293
8.24,-0.603
8.26,1.026
8.28,-0.626
8.3,0.381
8.32,0.491
8.34,-0.735
8.36,1.227
8.38,-0.766
8.4,0.584
8.42,0.347
8.44,-0.535
8.46,1.083
8.48,-0.572
8.5,0.442
8.52,0.538
8.54,-0.681
8.56,1.277
8.58,-0.727
8.6,0.638
8.62,0.378
8.64,-0.488
8.66,1.119
8.68,-0.539
8.7,0.481
8.72,0.562
8.74,-0.65
8.76,1.305
8.78,-0.709
8.8,0.67
8.82,0.388
8.84,-0.463
8.86,1.132
8.88,-0.529
8.9,0.498
8.92,0.565
8.94,-0.639
8.96,1.311
8.98,-0.713
9,0.68
9.02,0.377
9.04,-0.459
9.06,1.124
9.08,-0.539
9.1,0.494
9.12,0.548
9.14,-0.649
9.16,1.297
9.18,-0.736
9.2,0.671
9.22,0.346
9.24,-0.474
9.26,1.097
9.28,-0.567
9.3,0.473
9.32,0.512
9.34,-0.676
9.36,1.266
9.38,-0.776
9.4,0.645
9.42,0.299
9.44,-0.505
9.46,1.055
9.48,-0.611
9.5,0.436
9.52,0.462
9.54,-0.717
9.56,1.221
9.58,-0.829
9.6,0.606
9.62,0.24
9.64,-0.549
9.66,1.001
9.68,-0.666
9.7,0.389
9.72,0.402
9.74,-0.769
9.76,1.166
9.78,-0.892
9.8,0.558
9.82,0.172
9.84,-0.6
9.86,0.939
9.88,-0.728
9.9,0.334
9.92,0.334
9.94,-0.826
9.96,1.106
9.98,-0.96
10,0.506
10.02,0.099
10.04,-0.655
10.06,0.874
10.08,-0.793
10.1,0.277
10.12,0.265
10.14,-0.885
10.16,1.044
10.18,-1.029
10.2,0.453
10.22,0.028
10.24,-0.709
10.26,0.81
10.28,-0.856
10.3,0.223
10.32,0.199
10.34,-0.94
10.36,0.987
10.38,-1.092
10.4,0.405
10.42,-0.039
10.44,-0.757
10.46,0.752
10.48,-0.913
10.5,0.176
10.52,0.141
10.54,-0.988
10.56,0.937
10.58,-1.147
10.6,0.367
10.62,-0.096
10.64,-0.796
10.66,0.705
10.68,-0.958
10.7,0.139
10.72,0.093
10.74,-1.023
10.76,0.9
10.78,-1.189
10.8,0.341
10.82,-0.139
10.84,-0.82
10.86,0.672
10.88,-0.989
10.9,0.118
10.92,0.062
10.94,-1.042
10.96,0.879
10.98,-1.215
11,0.332
11.02,-0.166
11.04,-0.827
11.06,0.656
11.08,-1.001
11.1,0.115
11.12,0.049
11.14,-1.043
11.16,0.877
11.18,-1.221
11.2,0.343
11.22,-0.172
11.24,-0.814
11.26,0.661
11.28,-0.994
11.3,0.133
11.32,0.056
11.34,-1.023
11.36,0.895
11.38,-1.207
11.4,0.375
11.42,-0.157
11.44,-0.779
11.46,0.687
11.48,-0.964
11.5,0.172
11.52,0.085
11.54,-0.98
11.56,0.936
11.58,-1.169
11.6,0.429
11.62,-0.12
11.64,-0.722
11.66,0.735
11.68,-0.913
11.7,0.234
11.72,0.137
11.74,-0.916
11.76,0.999
11.78,-1.11
11.8,0.505
11.82,-0.061
11.84,-0.643
11.86,0.805
11.88,-0.839
11.9,0.317
11.92,0.21
11.94,-0.83
11.96,1.083
11.98,-1.03
12,0.601
12.02,0.018
12.04,-0.543
12.06,0.896
12.08,-0.746
12.1,0.42
12.12,0.302
12.14,-0.724
12.16,1.186
12.18,-0.93
12.2,0.717
12.22,0.116
12.24,-0.426
12.26,1.004
12.28,-0.634
12.3,0.54
12.32,0.412
12.34,-0.602
12.36,1.305
12.38,-0.815
12.4,0.848
12.42,0.23
12.44,-0.294
12.46,1.126
12.48,-0.509
12.5,0.674
12.52,0.535
12.54,-0.467
12.56,1.436
12.58,-0.688
12.6,0.99
12.62,0.354
12.64,-0.151
12.66,1.259
12.68,-0.374
12.7,0.817
12.72,0.666
12.74,-0.324
12.76,1.575
12.78,-0.553
12.8,1.139
12.82,0.484
12.84,-0.002
12.86,1.396
12.88,-0.235
12.9,0.964
12.92,0.801
12.94,-0.178
12.96,1.716
12.98,-0.416
13,1.289
13.02,0.616
13.04,0.147
13.06,1.534
13.08,-0.096
13.1,1.11
13.12,0.934
13.14,-0.034
13.16,1.855
13.18,-0.283
13.2,1.435
13.22,0.742
13.24,0.291
13.26,1.665
13.28,0.037
13.3,1.248
13.32,1.059
13.34,0.102
13.36,1.984
13.38,-0.159
13.4,1.571
13.42,0.858
13.44,0.424
13.46,1.785
13.48,0.157
13.5,1.374
13.52,1.171
13.54,0.224
13.56,2.099
13.58,-0.05
13.6,1.692
13.62,0.958
13.64,0.54
13.66,1.887
13.68,0.259
13.7,1.481
13.72,1.264
13.74,0.326
13.76,2.194
13.78,0.038
13.8,1.791
13.82,1.037
13.84,0.634
13.86,1.966
13.88,0.339
13.9,1.565
13.92,1.333
13.94,0.404
13.96,2.263
13.98,0.101
14,1.864
14.02,1.088
14.04,0.701
14.06,2.019
14.08,0.39
14.1,1.62
14.12,1.373
14.14,0.453
14.16,2.303
14.18,0.134
14.2,1.907
14.22,1.11
14.24,0.737
14.26,2.039
14.28,0.41
14.3,1.644
14.32,1.381
14.34,0.469
14.36,2.31
14.38,0.134
14.4,1.916
14.42,1.097
14.44,0.739
14.46,2.026
14.48,0.396
14.5,1.632
14.52,1.353
14.54,0.45
14.56,2.282
14.58,0.098
14.6,1.89
14.62,1.049
14.64,0.705
14.66,1.976
14.68,0.345
14.7,1.584
14.72,1.289
14.74,0.395
14.76,2.216
14.78,0.026
14.8,1.827
14.82,0.963
14.84,0.634
14.86,1.889
14.88,0.257
14.9,1.5
14.92,1.189
14.94,0.303
14.96,2.114
14.98,-0.083
15,1.726
15.02,0.841
15.04,0.526
15.06,1.766
15.08,0.133
15.1,1.378
15.12,1.052
15.14,0.174
15.16,1.976
15.18,-0.227
15.2,1.591
15.22,0.684
15.24,0.384
15.26,1.607
15.28,-0.025
15.3,1.223
15.32,0.881
15.34,0.012
15.36,1.804
15.38,-0.405
15.4,1.422
15.42,0.494
15.44,0.209
15.46,1.417
15.48,-0.215
15.5,1.036
15.52,0.679
15.54,-0.18
15.56,1.603
15.58,-0.612
15.6,1.224
15.62,0.276
15.64,0.007
15.66,1.2
15.68,-0.432
15.7,0.823
15.72,0.452
15.74,-0.397
15.76,1.376
15.78,-0.843
15.8,1.003
15.82,0.035
15.84,-0.219
15.86,0.96
15.88,-0.67
15.9,0.589
15.92,0.203
15.94,-0.635
15.96,1.13
15.98,-1.093
16,0.763
16.02,-0.224
16.04,-0.461
16.06,0.704
16.08,-0.924
16.1,0.34
16.12,-0.059
16.14,-0.885
16.16,0.871
16.18,-1.355
16.2,0.512
16.22,-0.494
16.24,-0.713
16.26,0.438
16.28,-1.187
16.3,0.083
16.32,-0.328
16.34,-1.142
16.36,0.607
16.38,-1.621
16.4,0.257
16.42,-0.766
16.44,-0.968
16.46,0.171
16.48,-1.45
16.5,-0.174
16.52,-0.597
16.54,-1.398
16.56,0.344
16.58,-1.885
16.6,0.005
16.62,-1.035
16.64,-1.217
16.66,-0.091
16.68,-1.707
16.7,-0.424
16.72,-0.858
16.74,-1.645
16.76,0.091
16.78,-2.138
16.8,-0.236
16.82,-1.291
16.84,-1.454
16.86,-0.339
16.88,-1.949
16.9,-0.659
16.92,-1.103
16.94,-1.875
16.96,-0.145
16.98,-2.373
17,-0.457
17.02,-1.528
17.04,-1.67
17.06,-0.565
17.08,-2.169
17.1,-0.871
17.12,-1.324
17.14,-2.081
17.16,-0.356
17.18,-2.582
17.2,-0.653
17.22,-1.738
17.24,-1.859
17.26,-0.764
17.28,-2.361
17.3,-1.053
17.32,-1.516
17.34,-2.256
17.36,-0.535
17.38,-2.76
17.4,-0.816
17.42,-1.915
17.44,-2.013
17.46,-0.928
17.48,-2.517
17.5,-1.2
17.52,-1.671
17.54,-2.394
17.56,-0.677
17.58,-2.899
17.6,-0.94
17.62,-2.052
17.64,-2.128
17.66,-1.052
17.68,-2.633
17.7,-1.306
17.72,-1.784
17.74,-2.49
17.76,-0.777
17.78,-2.995
17.8,-1.021
17.82,-2.146
17.84,-2.199
17.86,-1.132
17.88,-2.703
17.9,-1.367
17.92,-1.853
17.94,-2.54
17.96,-0.831
17.98,-3.045
18,-1.056
18.02,-2.193
18.04,-2.223
18.06,-1.164
18.08,-2.727
18.1,-1.38
18.12,-1.873
18.14,-2.542
18.16,-0.837
18.18,-3.046
18.2,-1.042
18.22,-2.191
18.24,-2.198
18.26,-1.148
18.28,-2.7
18.3,-1.344
18.32,-1.843
18.34,-2.495
18.36,-0.793
18.38,-2.997
18.4,-0.979
18.42,-2.139
18.44,-2.124
18.46,-1.082
18.48,-2.625
18.5,-1.259
18.52,-1.765
18.54,-2.398
18.56,-0.7
18.58,-2.9
18.6,-0.867
18.62,-2.039
18.64,-2.001
18.66,-0.968
18.68,-2.501
18.7,-1.125
18.72,-1.639
18.74,-2.254
18.76,-0.561
18.78,-2.756
18.8,-0.709
18.82,-1.893
18.84,-1.832
18.86,-0.808
18.88,-2.333
18.9,-0.948
18.92,-1.469
18.94,-2.067
18.96,-0.378
18.98,-2.568
19,-0.508
19.02,-1.704
19.04,-1.621
19.06,-0.607
19.08,-2.123
19.1,-0.729
19.12,-1.259
19.14,-1.839
19.16,-0.156
19.18,-2.342
19.2,-0.269
19.22,-1.478
19.24,-1.374
19.26,-0.371
19.28,-1.878
19.3,-0.476
19.32,-1.014
19.34,-1.578
19.36,0.099
19.38,-2.084
19.4,0.001
19.42,-1.222
19.44,-1.097
19.46,-0.104
19.48,-1.604
19.5,-0.195
19.52,-0.743
19.54,-1.29
19.56,0.38
19.58,-1.8
19.6,0.296
19.62,-0.941
19.64,-0.796
19.66,0.184
19.68,-1.308
19.7,0.107
19.72,-0.451
19.74,-0.983
19.76,0.678
19.78,-1.499
19.8,0.607
19.82,-0.645
19.84,-0.48
19.86,0.487
19.88,-0.999
19.9,0.421
19.92,-0.147
19.94,-0.665
19.96,0.987
19.98,-1.189
20,0.927
20.02,-0.34
20.04,-0.158
20.06,0.796
20.08,-0.685
20.1,0.74
20.12,0.159
20.14,-0.345
20.16,1.298
20.18,-0.877
20.2,1.246
20.22,-0.038
20.24,0.162
20.26,1.101
20.28,-0.375
20.3,1.054
20.32,0.461
20.34,-0.031
20.36,1.601
20.38,-0.574
20.4,1.557
20.42,0.256
20.44,0.472
20.46,1.396
20.48,-0.077
20.5,1.354
20.52,0.748
20.54,0.268
20.56,1.888
20.58,-0.287
20.6,1.85
20.62,0.531
20.64,0.763
20.66,1.67
20.68,0.201
20.7,1.634
20.72,1.013
20.74,0.545
20.76,2.152
20.78,-0.025
20.8,2.117
20.82,0.78
20.84,1.027
20.86,1.917
20.88,0.451
20.9,1.884
20.92,1.249
20.94,0.791
20.96,2.384
20.98,0.207
21,2.353
21.02,0.997
21.04,1.258
21.06,2.13
21.08,0.666
21.1,2.1
21.12,1.449
21.14,1.001
21.16,2.58
21.18,0.401
21.2,2.551
21.22,1.175
21.24,1.45
21.26,2.303
21.28,0.841
21.3,2.274
21.32,1.608
21.34,1.17
21.36,2.733
21.38,0.552
21.4,2.705
21.42,1.31
21.44,1.597
21.46,2.432
21.48,0.971
21.5,2.404
21.52,1.721
21.54,1.292
21.56,2.841
21.58,0.657
21.6,2.813
21.62,1.398
21.64,1.698
21.66,2.514
21.68,1.054
21.7,2.485
21.72,1.786
21.74,1.367
21.76,2.9
21.78,0.714
21.8,2.871
21.82,1.436
21.84,1.75
21.86,2.546
21.88,1.088
21.9,2.518
21.92,1.802
21.94,1.392
21.96,2.909
21.98,0.721
22,2.881
22.02,1.426
22.04,1.752
22.06,2.529
22.08,1.072
22.1,2.501
22.12,1.769
22.14,1.368
22.16,2.869
22.18,0.679
22.2,2.841
22.22,1.367
22.24,1.706
22.26,2.464
22.28,1.009
22.3,2.436
22.32,1.688
22.34,1.297
22.36,2.783
22.38,0.591
22.4,2.755
22.42,1.262
22.44,1.614
22.46,2.353
22.48,0.9
22.5,2.326
22.52,1.563
22.54,1.182
22.56,2.652
22.58,0.46
22.6,2.627
22.62,1.115
22.64,1.48
22.66,2.201
22.68,0.75
22.7,2.176
22.72,1.398
22.74,1.027
22.76,2.482
22.78,0.29
22.8,2.459
22.82,0.93
22.84,1.309
22.86,2.012
22.88,0.565
22.9,1.99
22.92,1.198
22.94,0.839
22.96,2.279
22.98,0.087
23,2.26
23.02,0.713
23.04,1.107
23.06,1.793
23.08,0.349
23.1,1.776
23.12,0.969
23.14,0.622
23.16,2.048
23.18,-0.142
23.2,2.034
23.22,0.471
23.24,0.881
23.26,1.55
23.28,0.111
23.3,1.539
23.32,0.719
23.34,0.385
23.36,1.798
23.38,-0.39
23.4,1.791
23.42,0.212
23.44,0.637
23.46,1.29
23.48,-0.142
23.5,1.287
23.52,0.455
23.54,0.134
23.56,1.535
23.58,-0.65
23.6,1.536
23.62,-0.057
23.64,0.385
23.66,1.023
23.68,-0.403
23.7,1.028
23.72,0.185
23.74,-0.121
23.76,1.267
23.78,-0.913
23.8,1.278
23.82,-0.329
23.84,0.131
23.86,0.754
23.88,-0.664
23.9,0.77
23.92,-0.083
23.94,-0.374
23.96,1.002
23.98,-1.173
24,1.025
24.02,-0.595
24.04,-0.117
24.06,0.493
24.08,-0.918
24.1,0.521
24.12,-0.343
24.14,-0.618
24.16,0.748
24.18,-1.421
24.2,0.783
24.22,-0.849
24.24,-0.352
24.26,0.245
24.28,-1.157
24.3,0.286
24.32,-0.586
24.34,-0.845
24.36,0.511
24.38,-1.652
24.4,0.56
24.42,-1.083
24.44,-0.567
24.46,0.017
24.48,-1.375
24.5,0.073
24.52,-0.807
24.54,-1.049
24.56,0.297
24.58,-1.858
24.6,0.361
24.62,-1.292
24.64,-0.756
24.66,-0.184
24.68,-1.566
24.7,-0.113
24.72,-1.001
24.74,-1.225
24.76,0.111
24.78,-2.036
24.8,0.191
24.82,-1.472
24.84,-0.916
24.86,-0.356
24.88,-1.726
24.9,-0.268
24.92,-1.164
24.94,-1.369
24.96,-0.043
24.98,-2.18
25,0.054
25.02,-1.619
25.04,-1.042
25.06,-0.493
25.08,-1.853
25.1,-0.388
25.12,-1.291
25.14,-1.479
25.16,-0.161
25.18,-2.29
25.2,-0.047
25.22,-1.729
25.24,-1.132
25.26,-0.594
25.28,-1.943
25.3,-0.472
25.32,-1.383
25.34,-1.551
25.36,-0.243
25.38,-2.362
25.4,-0.112
25.42,-1.803
25.44,-1.185
25.46,-0.659
25.48,-1.996
25.5,-0.519
25.52,-1.437
25.54,-1.587
25.56,-0.288
25.58,-2.398
25.6,-0.14
25.62,-1.84
25.64,-1.202
25.66,-0.687
25.68,-2.012
25.7,-0.53
25.72,-1.455
25.74,-1.587
25.76,-0.297
25.78,-2.397
25.8,-0.132
25.82,-1.841
25.84,-1.183
25.86,-0.679
25.88,-1.994
25.9,-0.507
25.92,-1.438
25.94,-1.552
25.96,-0.272
25.98,-2.363
26,-0.091
26.02,-1.809
26.04,-1.131
26.06,-0.64
26.08,-1.943
26.1,-0.451
26.12,-1.39
26.14,-1.486
26.16,-0.217
26.18,-2.299
26.2,-0.021
26.22,-1.748
26.24,-1.051
26.26,-0.571
26.28,-1.864
26.3,-0.368
26.32,-1.315
26.34,-1.393
26.36,-0.135
26.38,-2.208
26.4,0.076
26.42,-1.661
26.44,-0.945
26.46,-0.479
26.48,-1.761
26.5,-0.261
26.52,-1.217
26.54,-1.278
26.56,-0.031
26.58,-2.096
26.6,0.193
26.62,-1.554
26.64,-0.82
26.66,-0.367
26.68,-1.64
26.7,-0.137
26.72,-1.101
26.74,-1.146
26.76,0.089
26.78,-1.968
26.8,0.325
26.82,-1.433
26.84,-0.681
26.86,-0.242
26.88,-1.505
26.9,0
26.92,-0.973
26.94,-1.003
26.96,0.219
26.98,-1.83
27,0.467
27.02,-1.302
27.04,-0.533
27.06,-0.109
27.08,-1.363
27.1,0.144
27.12,-0.84
27.14,-0.854
27.16,0.355
27.18,-1.687
27.2,0.612
27.22,-1.168
27.24,-0.383
27.26,0.027
27.28,-1.22
27.3,0.289
27.32,-0.705
27.34,-0.705
27.36,0.489
27.38,-1.545
27.4,0.756
27.42,-1.036
27.44,-0.235
27.46,0.158
27.48,-1.08
27.5,0.429
27.52,-0.576
27.54,-0.561
27.56,0.618
27.58,-1.41
27.6,0.892
27.62,-0.912
27.64,-0.096
27.66,0.281
27.68,-0.95
27.7,0.559
27.72,-0.457
27.74,-0.428
27.76,0.736
27.78,-1.286
27.8,1.017
27.82,-0.8
27.84,0.03
27.86,0.391
27.88,-0.832
27.9,0.676
27.92,-0.352
27.94,-0.31
27.96,0.838
27.98,-1.178
28,1.125
28.02,-0.704
28.04,0.141
28.06,0.485
28.08,-0.732
28.1,0.775
28.12,-0.265
28.14,-0.209
28.16,0.922
28.18,-1.088
28.2,1.215
28.22,-0.627
28.24,0.232
28.26,0.558
28.28,-0.652
28.3,0.854
28.32,-0.198
28.34,-0.129
28.36,0.986
28.38,-1.018
28.4,1.284
28.42,-0.571
28.44,0.301
28.46,0.611
28.48,-0.593
28.5,0.911
28.52,-0.152
28.54,-0.071
28.56,1.027
28.58,-0.971
28.6,1.331
28.62,-0.537
28.64,0.349
28.66,0.641
28.68,-0.556
28.7,0.946
28.72,-0.129
28.74,-0.035
28.76,1.047
28.78,-0.945
28.8,1.355
28.82,-0.525
28.84,0.374
28.86,0.649
28.88,-0.541
28.9,0.96
28.92,-0.128
28.94,-0.021
28.96,1.044
28.98,-0.941
29,1.358
29.02,-0.535
29.04,0.378
29.06,0.636
29.08,-0.547
29.1,0.952
29.12,-0.147
29.14,-0.026
29.16,1.022
29.18,-0.957
29.2,1.342
29.22,-0.563
29.24,0.364
29.26,0.605
29.28,-0.571
29.3,0.927
29.32,-0.183
29.34,-0.049
29.36,0.983
29.38,-0.989
29.4,1.309
29.42,-0.607
29.44,0.334
29.46,0.558
29.48,-0.61
29.5,0.887
29.52,-0.234
29.54,-0.086
29.56,0.93
29.58,-1.034
29.6,1.263
29.62,-0.664
29.64,0.291
29.66,0.499
29.68,-0.661
29.7,0.836
29.72,-0.296
29.74,-0.133
29.76,0.867
29.78,-1.089
29.8,1.208
29.82,-0.729
29.84,0.241
29.86,0.433
29.88,-0.718
29.9,0.778
29.92,-0.363
29.94,-0.186
29.96,0.798
29.98,-1.148
30,1.148
30.02,-0.798
30.04,0.186
30.06,0.363
30.08,-0.778
30.1,0.718
30.12,-0.433
30.14,-0.241
30.16,0.729
30.18,-1.208
30.2,1.089
30.22,-0.867
30.24,0.133
30.26,0.296
30.28,-0.836
30.3,0.661
30.32,-0.499
30.34,-0.291
30.36,0.664
30.38,-1.263
30.4,1.034
30.42,-0.93
30.44,0.086
30.46,0.234
30.48,-0.887
30.5,0.61
30.52,-0.558
30.54,-0.334
30.56,0.607
30.58,-1.309
30.6,0.989
30.62,-0.983
30.64,0.049
30.66,0.183
30.68,-0.927
30.7,0.571
30.72,-0.605
30.74,-0.364
30.76,0.563
30.78,-1.342
30.8,0.957
30.82,-1.022
30.84,0.026
30.86,0.147
30.88,-0.952
30.9,0.547
30.92,-0.636
30.94,-0.378
30.96,0.535
30.98,-1.358
31,0.941
31.02,-1.044
31.04,0.021
31.06,0.128
31.08,-0.96
31.1,0.541
31.12,-0.649
31.14,-0.374
31.16,0.525
31.18,-1.355
31.2,0.945
31.22,-1.047
31.24,0.035
31.26,0.129
31.28,-0.946
31.3,0.556
31.32,-0.641
31.34,-0.349
31.36,0.537
31.38,-1.331
31.4,0.971
31.42,-1.027
31.44,0.071
31.46,0.152
31.48,-0.911
31.5,0.593
31.52,-0.611
31.54,-0.301
31.56,0.571
31.58,-1.284
31.6,1.018
31.62,-0.986
31.64,0.129
31.66,0.198
31.68,-0.854
31.7,0.652
31.72,-0.558
31.74,-0.232
31.76,0.627
31.78,-1.215
31.8,1.088
31.82,-0.922
31.84,0.209
31.86,0.265
31.88,-0.775
31.9,0.732
31.92,-0.485
31.94,-0.141
31.96,0.704
31.98,-1.125
32,1.178
32.02,-0.838
32.04,0.31
32.06,0.352
32.08,-0.676
32.1,0.832
32.12,-0.391
32.14,-0.03
32.16,0.8
32.18,-1.017
32.2,1.286
32.22,-0.736
32.24,0.428
32.26,0.457
32.28,-0.559
32.3,0.95
32.32,-0.281
32.34,0.096
32.36,0.912
32.38,-0.892
32.4,1.41
32.42,-0.618
32.44,0.561
32.46,0.576
32.48,-0.429
32.5,1.08
32.52,-0.158
32.54,0.235
32.56,1.036
32.58,-0.756
32.6,1.545
32.62,-0.489
32.64,0.705
32.66,0.705
32.68,-0.289
32.7,1.22
32.72,-0.027
32.74,0.383
32.76,1.168
32.78,-0.612
32.8,1.687
32.82,-0.355
32.84,0.854
32.86,0.84
32.88,-0.144
32.9,1.363
32.92,0.109
32.94,0.533
32.96,1.302
32.98,-0.467
33,1.83
33.02,-0.219
33.04,1.003
33.06,0.973
33.08,0
33.1,1.505
33.12,0.242
33.14,0.681
33.16,1.433
33.18,-0.325
33.2,1.968
33.22,-0.089
33.24,1.146
33.26,1.101
33.28,0.137
33.3,1.64
33.32,0.367
33.34,0.82
33.36,1.554
33.38,-0.193
33.4,2.096
33.42,0.031
33.44,1.278
33.46,1.217
33.48,0.261
33.5,1.761
33.52,0.479
33.54,0.945
33.56,1.661
33.58,-0.076
33.6,2.208
33.62,0.135
33.64,1.393
33.66,1.315
33.68,0.368
33.7,1.864
33.72,0.571
33.74,1.051
33.76,1.748
33.78,0.021
33.8,2.299
33.82,0.217
33.84,1.486
33.86,1.39
33.88,0.451
33.9,1.943
33.92,0.64
33.94,1.131
33.96,1.809
33.98,0.091
34,2.363
34.02,0.272
34.04,1.552
34.06,1.438
34.08,0.507
34.1,1.994
34.12,0.679
34.14,1.183
34.16,1.841
34.18,0.132
34.2,2.397
34.22,0.297
34.24,1.587
34.26,1.455
34.28,0.53
34.3,2.012
34.32,0.687
34.34,1.202
34.36,1.84
34.38,0.14
34.4,2.398
34.42,0.288
34.44,1.587
34.46,1.437
34.48,0.519
34.5,1.996
34.52,0.659
34.54,1.185
34.56,1.803
34.58,0.112
34.6,2.362
34.62,0.243
34.64,1.551
34.66,1.383
34.68,0.472
34.7,1.943
34.72,0.594
34.74,1.132
34.76,1.729
34.78,0.047
34.8,2.29
34.82,0.161
34.84,1.479
34.86,1.291
34.88,0.388
34.9,1.853
34.92,0.493
34.94,1.042
34.96,1.619
34.98,-0.054
35,2.18
35.02,0.043
35.04,1.369
35.06,1.164
35.08,0.268
35.1,1.726
35.12,0.356
35.14,0.916
35.16,1.472
35.18,-0.191
35.2,2.036
35.22,-0.111
35.24,1.225
35.26,1.001
35.28,0.113
35.3,1.566
35.32,0.184
35.34,0.756
35.36,1.292
35.38,-0.361
35.4,1.858
35.42,-0.297
35.44,1.049
35.46,0.807
35.48,-0.073
35.5,1.375
35.52,-0.017
35.54,0.567
35.56,1.083
35.58,-0.56
35.6,1.652
35.62,-0.511
35.64,0.845
35.66,0.586
35.68,-0.286
35.7,1.157
35.72,-0.245
35.74,0.352
35.76,0.849
35.78,-0.783
35.8,1.421
35.82,-0.748
35.84,0.618
35.86,0.343
35.88,-0.521
35.9,0.918
35.92,-0.493
35.94,0.117
35.96,0.595
35.98,-1.025
36,1.173
36.02,-1.002
36.04,0.374
36.06,0.083
36.08,-0.77
36.1,0.664
36.12,-0.754
36.14,-0.131
36.16,0.329
36.18,-1.278
36.2,0.913
36.22,-1.267
36.24,0.121
36.26,-0.185
36.28,-1.028
36.3,0.403
36.32,-1.023
36.34,-0.385
36.36,0.057
36.38,-1.536
36.4,0.65
36.42,-1.535
36.44,-0.134
36.46,-0.455
36.48,-1.287
36.5,0.142
36.52,-1.29
36.54,-0.637
36.56,-0.212
36.58,-1.791
36.6,0.39
36.62,-1.798
36.64,-0.385
36.66,-0.719
36.68,-1.539
36.7,-0.111
36.72,-1.55
36.74,-0.881
36.76,-0.471
36.78,-2.034
36.8,0.142
36.82,-2.048
36.84,-0.622
36.86,-0.969
36.88,-1.776
36.9,-0.349
36.92,-1.793
36.94,-1.107
36.96,-0.713
36.98,-2.26
37,-0.087
37.02,-2.279
37.04,-0.839
37.06,-1.198
37.08,-1.99
37.1,-0.565
37.12,-2.012
37.14,-1.309
37.16,-0.93
37.18,-2.459
37.2,-0.29
37.22,-2.482
37.24,-1.027
37.26,-1.398
37.28,-2.176
37.3,-0.75
37.32,-2.201
37.34,-1.48
37.36,-1.115
37.38,-2.627
37.4,-0.46
37.42,-2.652
37.44,-1.182
37.46,-1.563
37.48,-2.326
37.5,-0.9
37.52,-2.353
37.54,-1.614
37.56,-1.262
37.58,-2.755
37.6,-0.591
37.62,-2.783
37.64,-1.297
37.66,-1.688
37.68,-2.436
37.7,-1.009
37.72,-2.464
37.74,-1.706
37.76,-1.367
37.78,-2.841
37.8,-0.679
37.82,-2.869
37.84,-1.368
37.86,-1.769
37.88,-2.501
37.9,-1.072
37.92,-2.529
37.94,-1.752
37.96,-1.426
37.98,-2.881
38,-0.721
38.02,-2.909
38.04,-1.392
38.06,-1.802
38.08,-2.518
38.1,-1.088
38.12,-2.546
38.14,-1.75
38.16,-1.436
38.18,-2.871
38.2,-0.714
38.22,-2.9
38.24,-1.367
38.26,-1.786
38.28,-2.485
38.3,-1.054
38.32,-2.514
38.34,-1.698
38.36,-1.398
38.38,-2.813
38.4,-0.657
38.42,-2.841
38.44,-1.292
38.46,-1.721
38.48,-2.404
38.5,-0.971
38.52,-2.432
38.54,-1.597
38.56,-1.31
38.58,-2.705
38.6,-0.552
38.62,-2.733
38.64,-1.17
38.66,-1.608
38.68,-2.274
38.7,-0.841
38.72,-2.303
38.74,-1.45
38.76,-1.175
38.78,-2.551
38.8,-0.401
38.82,-2.58
38.84,-1.001
38.86,-1.449
38.88,-2.1
38.9,-0.666
38.92,-2.13
38.94,-1.258
38.96,-0.997
38.98,-2.353
39,-0.207
39.02,-2.384
39.04,-0.791
39.06,-1.249
39.08,-1.884
39.1,-0.451
39.12,-1.917
39.14,-1.027
39.16,-0.78
39.18,-2.117
39.2,0.025
39.22,-2.152
39.24,-0.545
39.26,-1.013
39.28,-1.634
39.3,-0.201
39.32,-1.67
39.34,-0.763
39.36,-0.531
39.38,-1.85
39.4,0.287
39.42,-1.888
39.44,-0.268
39.46,-0.748
39.48,-1.354
39.5,0.077
39.52,-1.396
39.54,-0.472
39.56,-0.256
39.58,-1.557
39.6,0.574
39.62,-1.601
39.64,0.031
39.66,-0.461
39.68,-1.054
39.7,0.375
39.72,-1.101
39.74,-0.162
39.76,0.038
39.78,-1.246
39.8,0.877
39.82,-1.298
39.84,0.345
39.86,-0.159
39.88,-0.74
39.9,0.685
39.92,-0.796
39.94,0.158
39.96,0.34
39.98,-0.927
40,1.189
40.02,-0.987
40.04,0.665
40.06,0.147
40.08,-0.421
40.1,0.999
40.12,-0.487
40.14,0.48
40.16,0.645
40.18,-0.607
40.2,1.499
40.22,-0.678
40.24,0.983
40.26,0.451
40.28,-0.107
40.3,1.308
40.32,-0.184
40.34,0.796
40.36,0.941
40.38,-0.296
40.4,1.8
40.42,-0.38
40.44,1.29
40.46,0.743
40.48,0.195
40.5,1.604
40.52,0.104
40.54,1.097
40.56,1.222
40.58,-0.001
40.6,2.084
40.62,-0.099
40.64,1.578
40.66,1.014
40.68,0.476
40.7,1.878
40.72,0.371
40.74,1.374
40.76,1.478
40.78,0.269
40.8,2.342
40.82,0.156
40.84,1.839
40.86,1.259
40.88,0.729
40.9,2.123
40.92,0.607
40.94,1.621
40.96,1.704
40.98,0.508
41,2.568
41.02,0.378
41.04,2.067
41.06,1.469
41.08,0.948
41.1,2.333
41.12,0.808
41.14,1.832
41.16,1.893
41.18,0.709
41.2,2.756
41.22,0.561
41.24,2.254
41.26,1.639
41.28,1.125
41.3,2.501
41.32,0.968
41.34,2.001
41.36,2.039
41.38,0.867
41.4,2.9
41.42,0.7
41.44,2.398
41.46,1.765
41.48,1.259
41.5,2.625
41.52,1.082
41.54,2.124
41.56,2.139
41.58,0.979
41.6,2.997
41.62,0.793
41.64,2.495
41.66,1.843
41.68,1.344
41.7,2.7
41.72,1.148
41.74,2.198
41.76,2.191
41.78,1.042
41.8,3.046
41.82,0.837
41.84,2.542
41.86,1.873
41.88,1.38
41.9,2.727
41.92,1.164
41.94,2.223
41.96,2.193
41.98,1.056
42,3.045
42.02,0.831
42.04,2.54
42.06,1.853
42.08,1.367
42.1,2.703
42.12,1.132
42.14,2.199
42.16,2.146
42.18,1.021
42.2,2.995
42.22,0.777
42.24,2.49
42.26,1.784
42.28,1.306
42.3,2.633
42.32,1.052
42.34,2.128
42.36,2.052
42.38,0.94
42.4,2.899
42.42,0.677
42.44,2.394
42.46,1.671
42.48,1.2
42.5,2.517
42.52,0.928
42.54,2.013
42.56,1.915
42.58,0.816
42.6,2.76
42.62,0.535
42.64,2.256
42.66,1.516
42.68,1.053
42.7,2.361
42.72,0.764
42.74,1.859
42.76,1.738
42.78,0.653
42.8,2.582
42.82,0.356
42.84,2.081
42.86,1.324
42.88,0.871
42.9,2.169
42.92,0.565
42.94,1.67
42.96,1.528
42.98,0.457
43,2.373
43.02,0.145
43.04,1.875
43.06,1.103
43.08,0.659
43.1,1.949
43.12,0.339
43.14,1.454
43.16,1.291
43.18,0.236
43.2,2.138
43.22,-0.091
43.24,1.645
43.26,0.858
43.28,0.424
43.3,1.707
43.32,0.091
43.34,1.217
43.36,1.035
43.38,-0.005
43.4,1.885
43.42,-0.344
43.44,1.398
43.46,0.597
43.48,0.174
43.5,1.45
43.52,-0.171
43.54,0.968
43.56,0.766
43.58,-0.257
43.6,1.621
43.62,-0.607
43.64,1.142
43.66,0.328
43.68,-0.083
43.7,1.187
43.72,-0.438
43.74,0.713
43.76,0.494
43.78,-0.512
43.8,1.355
43.82,-0.871
43.84,0.885
43.86,0.059
43.88,-0.34
43.9,0.924
43.92,-0.704
43.94,0.461
43.96,0.224
43.98,-0.763
44,1.093
44.02,-1.13
44.04,0.635
44.06,-0.203
44.08,-0.589
44.1,0.67
44.12,-0.96
44.14,0.219
44.16,-0.035
44.18,-1.003
44.2,0.843
44.22,-1.376
44.24,0.397
44.26,-0.452
44.28,-0.823
44.3,0.432
44.32,-1.2
44.34,-0.007
44.36,-0.276
44.38,-1.224
44.4,0.612
44.42,-1.603
44.44,0.18
44.46,-0.679
44.48,-1.036
44.5,0.215
44.52,-1.417
44.54,-0.209
44.56,-0.494
44.58,-1.422
44.6,0.405
44.62,-1.804
44.64,-0.012
44.66,-0.881
44.68,-1.223
44.7,0.025
44.72,-1.607
44.74,-0.384
44.76,-0.684
44.78,-1.591
44.8,0.227
44.82,-1.976
44.84,-0.174
44.86,-1.052
44.88,-1.378
44.9,-0.133
44.92,-1.766
44.94,-0.526
44.96,-0.841
44.98,-1.726
45,0.083
45.02,-2.114
45.04,-0.303
45.06,-1.189
45.08,-1.5
45.1,-0.257
45.12,-1.889
45.14,-0.634
45.16,-0.963
45.18,-1.827
45.2,-0.026
45.22,-2.216
45.24,-0.395
45.26,-1.289
45.28,-1.584
45.3,-0.345
45.32,-1.976
45.34,-0.705
45.36,-1.049
45.38,-1.89
45.4,-0.098
45.42,-2.282
45.44,-0.45
45.46,-1.353
45.48,-1.632
45.5,-0.396
45.52,-2.026
45.54,-0.739
45.56,-1.097
45.58,-1.916
45.6,-0.134
45.62,-2.31
45.64,-0.469
45.66,-1.381
45.68,-1.644
45.7,-0.41
45.72,-2.039
45.74,-0.737
45.76,-1.11
45.78,-1.907
45.8,-0.134
45.82,-2.303
45.84,-0.453
45.86,-1.373
45.88,-1.62
45.9,-0.39
45.92,-2.019
45.94,-0.701
45.96,-1.088
45.98,-1.864
46,-0.101
46.02,-2.263
46.04,-0.404
46.06,-1.333
46.08,-1.565
46.1,-0.339
46.12,-1.966
46.14,-0.634
46.16,-1.037
46.18,-1.791
46.2,-0.038
46.22,-2.194
46.24,-0.326
46.26,-1.264
46.28,-1.481
46.3,-0.259
46.32,-1.887
46.34,-0.54
46.36,-0.958
46.38,-1.692
46.4,0.05
46.42,-2.099
46.44,-0.224
46.46,-1.171
46.48,-1.374
46.5,-0.157
46.52,-1.785
46.54,-0.424
46.56,-0.858
46.58,-1.571
46.6,0.159
46.62,-1.984
46.64,-0.102
46.66,-1.059
46.68,-1.248
46.7,-0.037
46.72,-1.665
46.74,-0.291
46.76,-0.742
46.78,-1.435
46.8,0.283
46.82,-1.855
46.84,0.034
46.86,-0.934
46.88,-1.11
46.9,0.096
46.92,-1.534
46.94,-0.147
46.96,-0.616
46.98,-1.289
47,0.416
47.02,-1.716
47.04,0.178
47.06,-0.801
47.08,-0.964
47.1,0.235
47.12,-1.396
47.14,0.002
47.16,-0.484
47.18,-1.139
47.2,0.553
47.22,-1.575
47.24,0.324
47.26,-0.666
47.28,-0.817
47.3,0.374
47.32,-1.259
47.34,0.151
47.36,-0.354
47.38,-0.99
47.4,0.688
47.42,-1.436
47.44,0.467
47.46,-0.535
47.48,-0.674
47.5,0.509
47.52,-1.126
47.54,0.294
47.56,-0.23
47.58,-0.848
47.6,0.815
47.62,-1.305
47.64,0.602
47.66,-0.412
47.68,-0.54
47.7,0.634
47.72,-1.004
47.74,0.426
47.76,-0.116
47.78,-0.717
47.8,0.93
47.82,-1.186
47.84,0.724
47.86,-0.302
47.88,-0.42
47.9,0.746
47.92,-0.896
47.94,0.543
47.96,-0.018
47.98,-0.601
48,1.03
48.02,-1.083
48.04,0.83
48.06,-0.21
48.08,-0.317
48.1,0.839
48.12,-0.805
48.14,0.643
48.16,0.061
48.18,-0.505
48.2,1.11
48.22,-0.999
48.24,0.916
48.26,-0.137
48.28,-0.234
48.3,0.913
48.32,-0.735
48.34,0.722
48.36,0.12
48.38,-0.429
48.4,1.169
48.42,-0.936
48.44,0.98
48.46,-0.085
48.48,-0.172
48.5,0.964
48.52,-0.687
48.54,0.779
48.56,0.157
48.58,-0.375
48.6,1.207
48.62,-0.895
48.64,1.023
48.66,-0.056
48.68,-0.133
48.7,0.994
48.72,-0.661
48.74,0.814
48.76,0.172
48.78,-0.343
48.8,1.221
48.82,-0.877
48.84,1.043
48.86,-0.049
48.88,-0.115
48.9,1.001
48.92,-0.656
48.94,0.827
48.96,0.166
48.98,-0.332
49,1.215
49.02,-0.879
49.04,1.042
49.06,-0.062
49.08,-0.118
49.1,0.989
49.12,-0.672
49.14,0.82
49.16,0.139
49.18,-0.341
49.2,1.189
49.22,-0.9
49.24,1.023
49.26,-0.093
49.28,-0.139
49.3,0.958
49.32,-0.705
49.34,0.796
49.36,0.096
49.38,-0.367
49.4,1.147
49.42,-0.937
49.44,0.988
49.46,-0.141
49.48,-0.176
49.5,0.913
49.52,-0.752
49.54,0.757
49.56,0.039
49.58,-0.405
49.6,1.092
49.62,-0.987
49.64,0.94
49.66,-0.199
49.68,-0.223
49.7,0.856
49.72,-0.81
49.74,0.709
49.76,-0.028
49.78,-0.453
49.8,1.029
49.82,-1.044
49.84,0.885
49.86,-0.265
49.88,-0.277
49.9,0.793
49.92,-0.874
49.94,0.655
49.96,-0.099
49.98,-0.506
50,0.96
50.02,-1.106
50.04,0.826
50.06,-0.334
50.08,-0.334
50.1,0.728
50.12,-0.939
50.14,0.6
50.16,-0.172
50.18,-0.558
50.2,0.892
50.22,-1.166
50.24,0.769
50.26,-0.402
50.28,-0.389
50.3,0.666
50.32,-1.001
50.34,0.549
50.36,-0.24
50.38,-0.606
50.4,0.829
50.42,-1.221
50.44,0.717
50.46,-0.462
50.48,-0.436
50.5,0.611
50.52,-1.055
50.54,0.505
50.56,-0.299
50.58,-0.645
50.6,0.776
50.62,-1.266
50.64,0.676
50.66,-0.512
50.68,-0.473
50.7,0.567
50.72,-1.097
50.74,0.474
50.76,-0.346
50.78,-0.671
50.8,0.736
50.82,-1.297
50.84,0.649
50.86,-0.548
50.88,-0.494
50.9,0.539
50.92,-1.124
50.94,0.459
50.96,-0.377
50.98,-0.68
51,0.713
51.02,-1.311
51.04,0.639
51.06,-0.565
51.08,-0.498
51.1,0.529
51.12,-1.132
51.14,0.463
51.16,-0.388
51.18,-0.67
51.2,0.709
51.22,-1.305
51.24,0.65
51.26,-0.562
51.28,-0.481
51.3,0.539
51.32,-1.119
51.34,0.488
51.36,-0.378
51.38,-0.638
51.4,0.727
51.42,-1.277
51.44,0.681
51.46,-0.538
51.48,-0.442
51.5,0.572
51.52,-1.083
51.54,0.535
51.56,-0.347
51.58,-0.584
51.6,0.766
51.62,-1.227
51.64,0.735
51.66,-0.491
51.68,-0.381
51.7,0.626
51.72,-1.026
51.74,0.603
51.76,-0.293
51.78,-0.508
51.8,0.828
51.82,-1.155
51.84,0.811
51.86,-0.423
51.88,-0.298
51.9,0.702
51.92,-0.947
51.94,0.693
51.96,-0.217
51.98,-0.412
52,0.91
52.02,-1.062
52.04,0.907
52.06,-0.334
52.08,-0.195
52.1,0.798
52.12,-0.849
52.14,0.803
52.16,-0.123
52.18,-0.296
52.2,1.011
52.22,-0.951
52.24,1.021
52.26,-0.227
52.28,-0.075
52.3,0.911
52.32,-0.734
52.34,0.928
52.36,-0.013
52.38,-0.165
52.4,1.127
52.42,-0.825
52.44,1.15
52.46,-0.107
52.48,0.059
52.5,1.037
52.52,-0.606
52.54,1.066
52.56,0.109
52.58,-0.022
52.6,1.254
52.62,-0.689
52.64,1.288
52.66,0.023
52.68,0.202
52.7,1.172
52.72,-0.469
52.74,1.212
52.76,0.238
52.78,0.128
52.8,1.388
52.82,-0.546
52.84,1.432
52.86,0.159
52.88,0.349
52.9,1.31
52.92,-0.329
52.94,1.36
52.96,0.37
52.98,0.28
53,1.522
53.02,-0.403
53.04,1.576
53.06,0.293
53.08,0.496
53.1,1.447
53.12,-0.192
53.14,1.506
53.16,0.499
53.18,0.427
53.2,1.652
53.22,-0.264
53.24,1.714
53.26,0.422
53.28,0.635
53.3,1.576
53.32,-0.062
53.34,1.643
53.36,0.618
53.38,0.565
53.4,1.771
53.42,-0.137
53.44,1.84
53.46,0.538
53.48,0.762
53.5,1.692
53.52,0.054
53.54,1.765
53.56,0.722
53.58,0.687
53.6,1.874
53.62,-0.026
53.64,1.95
53.66,0.637
53.68,0.871
53.7,1.789
53.72,0.15
53.74,1.868
53.76,0.806
53.78,0.789
53.8,1.956
53.82,0.063
53.84,2.036
53.86,0.713
53.88,0.956
53.9,1.862
53.92,0.223
53.94,1.945
53.96,0.865
53.98,0.864
54,2.012
54.02,0.125
54.04,2.096
54.06,0.761
54.08,1.013
54.1,1.907
54.12,0.266
54.14,1.994
54.16,0.893
54.18,0.91
54.2,2.037
54.22,0.157
54.24,2.124
54.26,0.778
54.28,1.038
54.3,1.919
54.32,0.277
54.34,2.009
54.36,0.889
54.38,0.922
54.4,2.028
54.42,0.155
54.44,2.118
54.46,0.76
54.48,1.029
54.5,1.897
54.52,0.253
54.54,1.989
54.56,0.849
54.58,0.899
54.6,1.983
54.62,0.116
54.64,2.076
54.66,0.706
54.68,0.983
54.7,1.837
54.72,0.192
54.74,1.932
54.76,0.773
54.78,0.838
54.8,1.901
54.82,0.041
54.84,1.996
54.86,0.615
54.88,0.9
54.9,1.741
54.92,0.095
54.94,1.838
54.96,0.659
54.98,0.741
55,1.783
55.02,-0.07
55.04,1.88
55.06,0.487
55.08,0.781
55.1,1.609
55.12,-0.039
55.14,1.709
55.16,0.51
55.18,0.609
55.2,1.629
55.22,-0.217
55.24,1.729
55.26,0.325
55.28,0.627
55.3,1.442
55.32,-0.206
55.34,1.545
55.36,0.328
55.38,0.443
55.4,1.442
55.42,-0.396
55.44,1.547
55.46,0.132
55.48,0.443
55.5,1.245
55.52,-0.404
55.54,1.352
55.56,0.117
55.58,0.249
55.6,1.227
55.62,-0.603
55.64,1.336
55.66,-0.089
55.68,0.231
55.7,1.021
55.72,-0.627
55.74,1.134
55.76,-0.12
55.78,0.03
55.8,0.988
55.82,-0.833
55.84,1.103
55.86,-0.331
55.88,-0.001
55.9,0.777
55.92,-0.87
55.94,0.896
55.96,-0.375
55.98,-0.207
56,0.732
56.02,-1.08
56.04,0.853
56.06,-0.589
56.08,-0.249
56.1,0.518
56.12,-1.127
56.14,0.645
56.16,-0.642
56.18,-0.455
56.2,0.464
56.22,-1.337
56.24,0.594
56.26,-0.856
56.28,-0.505
56.3,0.252
56.32,-1.39
56.34,0.388
56.36,-0.915
56.38,-0.708
56.4,0.193
56.42,-1.596
56.44,0.333
56.46,-1.124
56.48,-0.761
56.5,-0.014
56.52,-1.653
56.54,0.132
56.56,-1.185
56.58,-0.958
56.6,-0.074
56.62,-1.851
56.64,0.077
56.66,-1.386
56.68,-1.01
56.7,-0.272
56.72,-1.906
56.74,-0.114
56.76,-1.445
56.78,-1.196
56.8,-0.33
56.82,-2.093
56.84,-0.165
56.86,-1.633
56.88,-1.244
56.9,-0.515
56.92,-2.143
56.94,-0.342
56.96,-1.687
56.98,-1.416
57,-0.566
57.02,-2.315
57.04,-0.387
57.06,-1.859
57.08,-1.456
57.1,-0.734
57.12,-2.356
57.14,-0.547
57.16,-1.903
57.18,-1.609
57.2,-0.775
57.22,-2.509
57.24,-0.58
57.26,-2.056
57.28,-1.638
57.3,-0.924
57.32,-2.539
57.34,-0.72
57.36,-2.088
57.38,-1.771
57.4,-0.951
57.42,-2.67
57.44,-0.74
57.46,-2.219
57.48,-1.785
57.5,-1.077
57.52,-2.685
57.54,-0.856
57.56,-2.234
57.58,-1.894
57.6,-1.089
57.62,-2.791
57.64,-0.859
57.66,-2.34
57.68,-1.891
57.7,-1.189
57.72,-2.788
57.74,-0.949
57.76,-2.338
57.78,-1.973
57.8,-1.183
57.82,-2.869
57.84,-0.935
57.86,-2.417
57.88,-1.952
57.9,-1.256
57.92,-2.847
57.94,-0.997
57.96,-2.396
57.98,-2.007
58,-1.23
58.02,-2.899
58.04,-0.963
58.06,-2.447
58.08,-1.965
58.1,-1.275
58.12,-2.856
58.14,-0.997
58.16,-2.405
58.18,-1.991
58.2,-1.229
58.22,-2.88
58.24,-0.942
58.26,-2.427
58.28,-1.929
58.3,-1.245
58.32,-2.817
58.34,-0.947
58.36,-2.365
58.38,-1.926
58.4,-1.178
58.42,-2.811
58.44,-0.871
58.46,-2.358
58.48,-1.844
58.5,-1.165
58.52,-2.728
58.54,-0.848
58.56,-2.276
58.58,-1.813
58.6,-1.078
58.62,-2.694
58.64,-0.753
58.66,-2.241
58.68,-1.711
58.7,-1.038
58.72,-2.592
58.74,-0.702
58.76,-2.14
58.78,-1.653
58.8,-0.933
58.82,-2.532
58.84,-0.589
58.86,-2.079
58.88,-1.533
58.9,-0.867
58.92,-2.412
58.94,-0.513
58.96,-1.96
58.98,-1.45
59,-0.745
59.02,-2.327
59.04,-0.384
59.06,-1.875
59.08,-1.315
59.1,-0.655
59.12,-2.192
59.14,-0.285
59.16,-1.742
59.18,-1.209
59.2,-0.52
59.22,-2.085
59.24,-0.142
59.26,-1.636
59.28,-1.061
59.3,-0.409
59.32,-1.938
59.34,-0.023
59.36,-1.492
59.38,-0.936
59.4,-0.263
59.42,-1.812
59.44,0.129
59.46,-1.367
59.48,-0.779
59.5,-0.135
59.52,-1.657
59.54,0.265
59.56,-1.216
59.58,-0.638
59.6,0.017
59.62,-1.517
59.64,0.423
59.66,-1.077
59.68,-0.476
59.7,0.158
59.72,-1.357
59.74,0.571
59.76,-0.922
59.78,-0.323
59.8,0.314
59.82,-1.205
59.84,0.731
59.86,-0.773
59.88,-0.16
59.9,0.464
59.92,-1.045
59.94,0.887
59.96,-0.618
59.98,0
60,
